okx,0x11469060268ba1d611e3ad95f3134332f68e21198ce068a14f30975336be9ca1
gateio,0x11469060268ba1d611e3ad95f3134332f68e21198ce068a14f30975336be9ca1
bybit,0x11469060268ba1d611e3ad95f3134332f68e21198ce068a14f30975336be9ca1
kucoin,0x11469060268ba1d611e3ad95f3134332f68e21198ce068a14f30975336be9ca1
turbos,0x11469060268ba1d611e3ad95f3134332f68e21198ce068a14f30975336be9ca1
seapad,0x11469060268ba1d611e3ad95f3134332f68e21198ce068a14f30975336be9ca1
redbull,0x11469060268ba1d611e3ad95f3134332f68e21198ce068a14f30975336be9ca1
mysten,0x11469060268ba1d611e3ad95f3134332f68e21198ce068a14f30975336be9ca1
mystenlabs,0x11469060268ba1d611e3ad95f3134332f68e21198ce068a14f30975336be9ca1
suifrens,0x11469060268ba1d611e3ad95f3134332f68e21198ce068a14f30975336be9ca1
frens,0x11469060268ba1d611e3ad95f3134332f68e21198ce068a14f30975336be9ca1
sol,0x11469060268ba1d611e3ad95f3134332f68e21198ce068a14f30975336be9ca1
spaceid,0x11469060268ba1d611e3ad95f3134332f68e21198ce068a14f30975336be9ca1
arb,0x11469060268ba1d611e3ad95f3134332f68e21198ce068a14f30975336be9ca1
bnb,0x11469060268ba1d611e3ad95f3134332f68e21198ce068a14f30975336be9ca1
